{"properties":{"title":"","pageLayout":"services.html","pageDescription":"","keywords":"","hideFromSearchEngines":false,"header":"","footer":"","noIndex":false,"noFollow":false,"noArchive":false,"noSnippet":false,"isCobrowseEnabled":false},"slots":{"content":{"components":["d952fa9d-56cc-4adf-a1f5-0f549f3c49a4","a04cd277-66dd-4ae5-ba79-8e3997e828ed","a43cc3d8-f348-432c-b25f-a4dcaa6052f1"],"grid":"<div class=\"scs-row\"><div class=\"scs-col\" style=\"width: 33.33%;\"><div id=\"d952fa9d-56cc-4adf-a1f5-0f549f3c49a4\"></div></div><div class=\"scs-col\" style=\"width: 33.34%;\"><div id=\"a04cd277-66dd-4ae5-ba79-8e3997e828ed\"></div></div><div class=\"scs-col\" style=\"width: 33.33%;\"><div id=\"a43cc3d8-f348-432c-b25f-a4dcaa6052f1\"></div></div></div>"},"header-banner":{"components":["b03d7851-f491-4be3-bf15-5379fc71882a"],"grid":"<div class=\"scs-row\"><div class=\"scs-col\" style=\"width: 100%;\"><div id=\"b03d7851-f491-4be3-bf15-5379fc71882a\"></div></div></div>"},"heading":{"components":["c75ba3b8-e7ca-436a-b2c4-e04aa88af4f0"],"grid":"<div class=\"scs-row\"><div class=\"scs-col\" style=\"width: 100%;\"><div id=\"c75ba3b8-e7ca-436a-b2c4-e04aa88af4f0\"></div></div></div>"},"footer":{"components":["d6b89b81-e57c-47be-8a06-650b779fd393"],"grid":"<div class=\"scs-row\"><div class=\"scs-col\" style=\"width: 100%;\"><div id=\"d6b89b81-e57c-47be-8a06-650b779fd393\"></div></div></div>"},"logocontainer":{"components":["59f6d30a-295c-426b-9abb-a459e35693d1"],"grid":"<div class=\"scs-row\"><div class=\"scs-col\" style=\"width: 100%;\"><div id=\"59f6d30a-295c-426b-9abb-a459e35693d1\"></div></div></div>"}},"componentInstances":{"b03d7851-f491-4be3-bf15-5379fc71882a":{"type":"scs-image","id":"scs-image","data":{"actions":"","alignment":"fill","altText":"","borderColor":"#808080","borderRadius":0,"borderStyle":"none","borderWidth":1,"caption":"","imageHref":"","imageName":"Small_Header_1_Services.png","imageTarget":"_self","imageUrl":"[!--$SCS_CONTENT_URL--]/Small_Header_1_Services-1235110000027290.png","linkType":"scs-link-no-link","marginBottom":0,"marginLeft":0,"marginRight":0,"marginTop":0,"styleClass":"","title":"","useStyleClass":"true","visible":true,"width":300}},"f0cd1c24-bd67-4dcf-8bc1-515c677f8a99":{"type":"scs-paragraph","id":"scs-paragraph","data":{"actions":"","alignment":"fill","backgroundColor":"","borderColor":"#808080","borderRadius":0,"borderStyle":"none","borderWidth":1,"fontColor":"#333333","fontFamily":"'Helvetica Neue', Helvetica, Arial, sans-serif","fontSize":16,"marginBottom":25,"marginLeft":35,"marginRight":35,"marginTop":10,"placeholderText":"","styleClass":"","styleClassName":"","styleClassTag":"","toolbarGroups":"","useStyleClass":"true","userText":"<div>Click to add description here.&nbsp;<span style=\"background-color:transparent\">Lorem ipsum dolor sit amet, consectetur adipiscing elit. Vestibulum velit lorem, congue nec eros eu, vestibulum laoreet justo.</span><div>&nbsp;</div><div>Sed id quam felis. Nam aliquam dignissim metus nec tincidunt. Nunc porttitor enim sem, et lobortis ligula molestie in. Donec sollicitudin orci sed orci auctor iaculis. Nulla facilisi. Cras eu diam pharetra turpis pellentesque mattis nec nec ipsum. Ut ut vehicula tortor.</div><div>&nbsp;</div><div>Aliquam rutrum nibh nec lacus maximus, ac porta ipsum molestie. Pellentesque commodo vehicula dolor, id dapibus orci varius at.</div></div>","visible":true,"width":400}},"11c41d36-86ae-4ca5-aa4e-81390edbdb28":{"type":"scs-button","id":"scs-button","data":{"actions":[],"alignment":"fill","backgroundColor":"#DDDDDD","backgroundColorHover":"#EEEEEE","borderColor":"#808080","borderColorHover":"#2222DD","borderRadius":0,"borderStyle":"solid","borderWidth":1,"fontColor":"#000000","fontColorHover":"#2222DD","fontFamily":"'Helvetica Neue', Helvetica, Arial, sans-serif","fontSize":14,"height":0,"href":"[!--$SCS_PAGE--]109[/!--$SCS_PAGE--]","linkType":"scs-link-sitepage","marginBottom":10,"marginLeft":15,"marginRight":15,"marginTop":25,"styleClass":"","target":"_self","text":"Service 1 title here","title":"","useStyleClass":"true","visible":true,"width":0}},"d952fa9d-56cc-4adf-a1f5-0f549f3c49a4":{"type":"scs-componentgroup","id":"Button-Headline_2","data":{"className":"","components":["f0cd1c24-bd67-4dcf-8bc1-515c677f8a99","11c41d36-86ae-4ca5-aa4e-81390edbdb28"],"grid":"<div class=\"scs-row\"><div class=\"scs-col\" style=\"width: 100%;\"><div id=\"11c41d36-86ae-4ca5-aa4e-81390edbdb28\"></div></div></div><div class=\"scs-row\"><div class=\"scs-col\" style=\"width: 100%;\"><div id=\"f0cd1c24-bd67-4dcf-8bc1-515c677f8a99\"></div></div></div>"}},"e59dd51d-3f40-42b0-861f-3a66dc58d484":{"type":"scs-title","id":"scs-title","data":{"actions":"","alignment":"fill","backgroundColor":"","borderColor":"#808080","borderRadius":0,"borderStyle":"none","borderWidth":1,"fontColor":"#333333","fontFamily":"'Helvetica Neue', Helvetica, Arial, sans-serif","fontSize":24,"marginBottom":10,"marginLeft":15,"marginRight":15,"marginTop":25,"placeholderText":"","styleClass":"","styleClassName":"","styleClassTag":"","toolbarGroups":"","useStyleClass":"true","userText":"<div>Services headline here</div>","visible":true,"width":400}},"e7b8833f-3aa4-470a-996c-e38870124239":{"type":"scs-paragraph","id":"scs-paragraph","data":{"actions":"","alignment":"fill","backgroundColor":"","borderColor":"#808080","borderRadius":0,"borderStyle":"none","borderWidth":1,"fontColor":"#333333","fontFamily":"'Helvetica Neue', Helvetica, Arial, sans-serif","fontSize":16,"marginBottom":25,"marginLeft":15,"marginRight":15,"marginTop":10,"placeholderText":"","styleClass":"","styleClassName":"","styleClassTag":"","toolbarGroups":"","useStyleClass":"true","userText":"<div>Click to add paragraph here.&nbsp;Lorem ipsum dolor sit amet, consectetur adipiscing elit. Nullam pulvinar nulla vel erat blandit, vel vulputate leo auctor. Nunc nec tristique neque, vitae cursus orci. Nunc massa ipsum, dictum tempus laoreet vel, volutpat nec lacus. Duis in eros sem. Nunc.</div>","visible":true,"width":400}},"c75ba3b8-e7ca-436a-b2c4-e04aa88af4f0":{"type":"scs-componentgroup","id":"Headline-Vertical_2","data":{"className":"","components":["e59dd51d-3f40-42b0-861f-3a66dc58d484","e7b8833f-3aa4-470a-996c-e38870124239"],"grid":"<div class=\"scs-row\"><div class=\"scs-col\" style=\"width: 100%;\"><div id=\"e59dd51d-3f40-42b0-861f-3a66dc58d484\"></div><div id=\"e7b8833f-3aa4-470a-996c-e38870124239\"></div></div></div>"}},"59f6d30a-295c-426b-9abb-a459e35693d1":{"type":"scs-image","id":"scs-image","data":{"actions":"","alignment":"fill","altText":"","borderColor":"#808080","borderRadius":0,"borderStyle":"none","borderWidth":1,"caption":"","imageHref":"[!--$SCS_PAGE--]12[/!--$SCS_PAGE--]","imageName":"learn_logo.png","imageTarget":"_self","imageUrl":"[!--$SCS_CONTENT_URL--]/learn_logo-1235110000006874.png","linkType":"scs-link-sitepage","marginBottom":0,"marginLeft":0,"marginRight":0,"marginTop":0,"styleClass":"","title":"","useStyleClass":"true","visible":true,"width":300}},"6b1cd6ab-a58e-4c96-a32d-a42ea9fe9dc2":{"type":"scs-paragraph","id":"scs-paragraph","data":{"actions":"","alignment":"fill","backgroundColor":"","borderColor":"#808080","borderRadius":0,"borderStyle":"none","borderWidth":1,"fontColor":"#333333","fontFamily":"'Helvetica Neue', Helvetica, Arial, sans-serif","fontSize":16,"marginBottom":25,"marginLeft":35,"marginRight":35,"marginTop":10,"placeholderText":"","styleClass":"","styleClassName":"","styleClassTag":"","toolbarGroups":"","useStyleClass":"true","userText":"<div>Click to add description here.&nbsp;<span style=\"background-color:transparent\">Lorem ipsum dolor sit amet, consectetur adipiscing elit. Vestibulum velit lorem, congue nec eros eu, vestibulum laoreet justo.</span><div>&nbsp;</div><div>Sed id quam felis. Nam aliquam dignissim metus nec tincidunt. Nunc porttitor enim sem, et lobortis ligula molestie in. Donec sollicitudin orci sed orci auctor iaculis. Nulla facilisi. Cras eu diam pharetra turpis pellentesque mattis nec nec ipsum. Ut ut vehicula tortor.</div><div>&nbsp;</div><div>Aliquam rutrum nibh nec lacus maximus, ac porta ipsum molestie. Pellentesque commodo vehicula dolor, id dapibus orci varius at.</div></div>","visible":true,"width":400}},"04fd89c9-edf1-4a07-96aa-8f0701fc65f0":{"type":"scs-button","id":"scs-button","data":{"actions":[],"alignment":"fill","backgroundColor":"#DDDDDD","backgroundColorHover":"#EEEEEE","borderColor":"#808080","borderColorHover":"#2222DD","borderRadius":0,"borderStyle":"solid","borderWidth":1,"fontColor":"#000000","fontColorHover":"#2222DD","fontFamily":"'Helvetica Neue', Helvetica, Arial, sans-serif","fontSize":14,"height":0,"href":"[!--$SCS_PAGE--]135[/!--$SCS_PAGE--]","linkType":"scs-link-sitepage","marginBottom":10,"marginLeft":15,"marginRight":15,"marginTop":25,"styleClass":"","target":"_self","text":"Service 2 title here","title":"","useStyleClass":"true","visible":true,"width":0}},"a04cd277-66dd-4ae5-ba79-8e3997e828ed":{"type":"scs-componentgroup","id":"Button-Headline_2","data":{"className":"","components":["6b1cd6ab-a58e-4c96-a32d-a42ea9fe9dc2","04fd89c9-edf1-4a07-96aa-8f0701fc65f0"],"grid":"<div class=\"scs-row\"><div class=\"scs-col\" style=\"width: 100%;\"><div id=\"04fd89c9-edf1-4a07-96aa-8f0701fc65f0\"></div></div></div><div class=\"scs-row\"><div class=\"scs-col\" style=\"width: 100%;\"><div id=\"6b1cd6ab-a58e-4c96-a32d-a42ea9fe9dc2\"></div></div></div>"}},"ca1b48de-1c6e-4bed-b8af-639c28190d04":{"type":"scs-paragraph","id":"scs-paragraph","data":{"actions":"","alignment":"fill","backgroundColor":"","borderColor":"#808080","borderRadius":0,"borderStyle":"none","borderWidth":1,"fontColor":"#333333","fontFamily":"'Helvetica Neue', Helvetica, Arial, sans-serif","fontSize":16,"marginBottom":25,"marginLeft":35,"marginRight":35,"marginTop":10,"placeholderText":"","styleClass":"","styleClassName":"","styleClassTag":"","toolbarGroups":"","useStyleClass":"true","userText":"<div>Click to add description here.&nbsp;<span style=\"background-color:transparent\">Lorem ipsum dolor sit amet, consectetur adipiscing elit. Vestibulum velit lorem, congue nec eros eu, vestibulum laoreet justo.</span><div>&nbsp;</div><div>Sed id quam felis. Nam aliquam dignissim metus nec tincidunt. Nunc porttitor enim sem, et lobortis ligula molestie in. Donec sollicitudin orci sed orci auctor iaculis. Nulla facilisi. Cras eu diam pharetra turpis pellentesque mattis nec nec ipsum. Ut ut vehicula tortor.</div><div>&nbsp;</div><div>Aliquam rutrum nibh nec lacus maximus, ac porta ipsum molestie. Pellentesque commodo vehicula dolor, id dapibus orci varius at.</div></div>","visible":true,"width":400}},"e4e41c7c-7830-4482-8efa-fea8d4af2936":{"type":"scs-button","id":"scs-button","data":{"actions":[],"alignment":"fill","backgroundColor":"#DDDDDD","backgroundColorHover":"#EEEEEE","borderColor":"#808080","borderColorHover":"#2222DD","borderRadius":0,"borderStyle":"solid","borderWidth":1,"fontColor":"#000000","fontColorHover":"#2222DD","fontFamily":"'Helvetica Neue', Helvetica, Arial, sans-serif","fontSize":14,"height":0,"href":"[!--$SCS_PAGE--]138[/!--$SCS_PAGE--]","linkType":"scs-link-sitepage","marginBottom":10,"marginLeft":15,"marginRight":15,"marginTop":25,"styleClass":"","target":"_self","text":"Service 3 title here","title":"","useStyleClass":"true","visible":true,"width":0}},"a43cc3d8-f348-432c-b25f-a4dcaa6052f1":{"type":"scs-componentgroup","id":"Button-Headline_2","data":{"className":"","components":["ca1b48de-1c6e-4bed-b8af-639c28190d04","e4e41c7c-7830-4482-8efa-fea8d4af2936"],"grid":"<div class=\"scs-row\"><div class=\"scs-col\" style=\"width: 100%;\"><div id=\"e4e41c7c-7830-4482-8efa-fea8d4af2936\"></div></div></div><div class=\"scs-row\"><div class=\"scs-col\" style=\"width: 100%;\"><div id=\"ca1b48de-1c6e-4bed-b8af-639c28190d04\"></div></div></div>"}},"cfdfff72-c549-4307-bba3-f3c861eb74f1":{"type":"scs-socialbar","id":"scs-socialbar","data":{"alignment":"left","backgroundColor":"","borderColor":"#808080","borderRadius":0,"borderStyle":"none","borderWidth":1,"iconSize":28,"iconSpacing":10,"images":[{"source":"","name":"COMP_ICON_FACEBOOK","class":"scs-facebook-icon","title":"","altText":"","description":"","link":"http://www.facebook.com","target":["_blank"]},{"source":"","name":"COMP_ICON_LINKEDIN","class":"scs-linkedin-icon","title":"","altText":"","description":"","link":"http://www.linkedin.com","target":["_blank"]},{"source":"","name":"COMP_ICON_TWITTER","class":"scs-twitter-icon","title":"","altText":"","description":"","link":"http://www.twitter.com","target":["_blank"]},{"source":"","name":"COMP_ICON_GOOGLEPLUS","class":"scs-googleplus-icon","title":"","altText":"","description":"","link":"http://plus.google.com","target":["_blank"]},{"source":"","name":"COMP_ICON_YOUTUBE","class":"scs-youtube-icon","title":"","altText":"","description":"","link":"http://www.youtube.com","target":["_blank"]}],"layout":"horizontal","marginBottom":5,"marginLeft":5,"marginRight":5,"marginTop":5,"styleClass":"","useStyleClass":"true","visible":true}},"4cdd92e7-de8d-4c9b-8021-1fec138146b6":{"type":"scs-title","id":"scs-title","data":{"actions":"","alignment":"fill","backgroundColor":"","borderColor":"#808080","borderRadius":0,"borderStyle":"none","borderWidth":1,"fontColor":"#333333","fontFamily":"'Helvetica Neue', Helvetica, Arial, sans-serif","fontSize":24,"marginBottom":5,"marginLeft":5,"marginRight":5,"marginTop":5,"placeholderText":"","styleClass":"","styleClassName":"","styleClassTag":"","toolbarGroups":"","useStyleClass":"true","userText":"<div>COPYRIGHT &copy; 2016 &lt;COMPANY NAME&gt;</div>","visible":true,"width":400}},"d6b89b81-e57c-47be-8a06-650b779fd393":{"type":"scs-componentgroup","id":"FooterBar_2","data":{"className":"","components":["cfdfff72-c549-4307-bba3-f3c861eb74f1","4cdd92e7-de8d-4c9b-8021-1fec138146b6"],"grid":"<div class=\"scs-row\"><div class=\"scs-col\" style=\"width: 50%;\"><div id=\"cfdfff72-c549-4307-bba3-f3c861eb74f1\"></div></div><div class=\"scs-col\" style=\"width: 50%;\"><div id=\"4cdd92e7-de8d-4c9b-8021-1fec138146b6\"></div></div></div>"}}}}