{"properties":{"title":"","pageLayout":"about.html","pageDescription":"","keywords":"","hideFromSearchEngines":false,"header":"","footer":"","noIndex":false,"noFollow":false,"noArchive":false,"noSnippet":false,"isCobrowseEnabled":false},"slots":{"person3":{"components":["d1c52353-da32-4577-b1a0-d7e9bcc407a1"],"grid":"<div class=\"scs-row\"><div class=\"scs-col\" style=\"width: 100%;\"><div id=\"d1c52353-da32-4577-b1a0-d7e9bcc407a1\"></div></div></div>"},"person4":{"components":["fb260065-04ab-4f02-8d99-6a01f3dd3e4f"],"grid":"<div class=\"scs-row\"><div class=\"scs-col\" style=\"width: 100%;\"><div id=\"fb260065-04ab-4f02-8d99-6a01f3dd3e4f\"></div></div></div>"},"person1":{"components":["b909db9c-9af3-4f41-b541-0378f67357eb"],"grid":"<div class=\"scs-row\"><div class=\"scs-col\" style=\"width: 100%;\"><div id=\"b909db9c-9af3-4f41-b541-0378f67357eb\"></div></div></div>"},"person2":{"components":["f38e85c0-303d-4970-a39f-db065bc16d0b"],"grid":"<div class=\"scs-row\"><div class=\"scs-col\" style=\"width: 100%;\"><div id=\"f38e85c0-303d-4970-a39f-db065bc16d0b\"></div></div></div>"},"heading":{"components":["ee27b47f-b372-494e-aef9-2558334f9402"],"grid":"<div class=\"scs-row\"><div class=\"scs-col\" style=\"width: 100%;\"><div id=\"ee27b47f-b372-494e-aef9-2558334f9402\"></div></div></div>"},"header-banner":{"components":["96b1abcb-3fdd-4526-9271-6d38b65c431d"],"grid":"<div class=\"scs-row\"><div class=\"scs-col\" style=\"width: 100%;\"><div id=\"96b1abcb-3fdd-4526-9271-6d38b65c431d\"></div></div></div>"},"footer":{"components":["b23c83dd-44e5-4408-aea6-6bf50ece2366"],"grid":"<div class=\"scs-row\"><div class=\"scs-col\" style=\"width: 100%;\"><div id=\"b23c83dd-44e5-4408-aea6-6bf50ece2366\"></div></div></div>"},"person5":{"components":[],"grid":""},"person6":{"components":[],"grid":""},"logocontainer":{"components":["86fb74b6-f41e-4f45-8971-98720b22d86a"],"grid":"<div class=\"scs-row\"><div class=\"scs-col\" style=\"width: 100%;\"><div id=\"86fb74b6-f41e-4f45-8971-98720b22d86a\"></div></div></div>"}},"componentInstances":{"96b1abcb-3fdd-4526-9271-6d38b65c431d":{"type":"scs-image","id":"scs-image","data":{"actions":"","alignment":"fill","altText":"","borderColor":"#808080","borderRadius":0,"borderStyle":"none","borderWidth":1,"caption":"","imageHref":"","imageName":"Small_Header_2_About.png","imageTarget":"_self","imageUrl":"[!--$SCS_CONTENT_URL--]/Small_Header_2_About-1235110000027291.png","linkType":"scs-link-no-link","marginBottom":0,"marginLeft":0,"marginRight":0,"marginTop":0,"styleClass":"","title":"","useStyleClass":"true","visible":true,"width":300}},"86fb74b6-f41e-4f45-8971-98720b22d86a":{"type":"scs-image","id":"scs-image","data":{"actions":"","alignment":"fill","altText":"","borderColor":"#808080","borderRadius":0,"borderStyle":"none","borderWidth":1,"caption":"","imageHref":"[!--$SCS_PAGE--]12[/!--$SCS_PAGE--]","imageName":"learn_logo.png","imageTarget":"_self","imageUrl":"[!--$SCS_CONTENT_URL--]/learn_logo-1235110000006875.png","linkType":"scs-link-sitepage","marginBottom":0,"marginLeft":0,"marginRight":0,"marginTop":0,"styleClass":"","title":"","useStyleClass":"true","visible":true,"width":300}},"7adbeb3a-9675-4d9b-82c1-bb9198d3e849":{"type":"scs-title","id":"scs-title","data":{"actions":"","alignment":"fill","backgroundColor":"","borderColor":"#808080","borderRadius":0,"borderStyle":"none","borderWidth":1,"fontColor":"#333333","fontFamily":"'Helvetica Neue', Helvetica, Arial, sans-serif","fontSize":24,"marginBottom":10,"marginLeft":15,"marginRight":15,"marginTop":25,"placeholderText":"","styleClass":"","styleClassName":"","styleClassTag":"","toolbarGroups":"","useStyleClass":"true","userText":"<div>About headline here</div>","visible":true,"width":400}},"f3d48424-6231-4a3f-969a-55919ee0fa6d":{"type":"scs-paragraph","id":"scs-paragraph","data":{"actions":"","alignment":"fill","backgroundColor":"","borderColor":"#808080","borderRadius":0,"borderStyle":"none","borderWidth":1,"fontColor":"#333333","fontFamily":"'Helvetica Neue', Helvetica, Arial, sans-serif","fontSize":16,"marginBottom":25,"marginLeft":15,"marginRight":15,"marginTop":10,"placeholderText":"","styleClass":"","styleClassName":"","styleClassTag":"","toolbarGroups":"","useStyleClass":"true","userText":"<div>Click to add paragraph here.&nbsp;Lorem ipsum dolor sit amet, consectetur adipiscing elit. Nullam pulvinar nulla vel erat blandit, vel vulputate leo auctor. Nunc nec tristique neque, vitae cursus orci. Nunc massa ipsum, dictum tempus laoreet vel, volutpat nec lacus. Duis in eros sem. Nunc.</div>","visible":true,"width":400}},"ee27b47f-b372-494e-aef9-2558334f9402":{"type":"scs-componentgroup","id":"Headline-Vertical_2","data":{"className":"","components":["7adbeb3a-9675-4d9b-82c1-bb9198d3e849","f3d48424-6231-4a3f-969a-55919ee0fa6d"],"grid":"<div class=\"scs-row\"><div class=\"scs-col\" style=\"width: 100%;\"><div id=\"7adbeb3a-9675-4d9b-82c1-bb9198d3e849\"></div><div id=\"f3d48424-6231-4a3f-969a-55919ee0fa6d\"></div></div></div>"}},"7665c256-ba48-4582-8fa2-93629835214d":{"type":"scs-image","id":"scs-image","data":{"actions":"","alignment":"fill","altText":"","borderColor":"#808080","borderRadius":0,"borderStyle":"none","borderWidth":1,"caption":"","imageHref":"","imageName":"About_image_1.png","imageTarget":"_self","imageUrl":"[!--$SCS_CONTENT_URL--]/About_image_1-1235110000009666.png","linkType":"scs-link-no-link","marginBottom":0,"marginLeft":0,"marginRight":0,"marginTop":0,"styleClass":"","title":"","useStyleClass":"true","visible":true,"width":256}},"200ca539-9e60-4376-bb46-e788d2021dd6":{"type":"scs-title","id":"scs-title","data":{"actions":"","alignment":"fill","backgroundColor":"","borderColor":"#808080","borderRadius":0,"borderStyle":"none","borderWidth":1,"fontColor":"#333333","fontFamily":"'Helvetica Neue', Helvetica, Arial, sans-serif","fontSize":24,"marginBottom":5,"marginLeft":20,"marginRight":5,"marginTop":10,"placeholderText":"","styleClass":"","styleClassName":"","styleClassTag":"","toolbarGroups":"","useStyleClass":"true","userText":"<div>Mary Armstrong,&nbsp;<em><span style=\"font-size:22px\">Manager</span></em></div>","visible":true,"width":400}},"0d20b98c-e7d4-4ccd-b864-e895b11da211":{"type":"scs-paragraph","id":"scs-paragraph","data":{"actions":"","alignment":"fill","backgroundColor":"","borderColor":"#808080","borderRadius":0,"borderStyle":"none","borderWidth":1,"fontColor":"#333333","fontFamily":"'Helvetica Neue', Helvetica, Arial, sans-serif","fontSize":16,"marginBottom":0,"marginLeft":20,"marginRight":20,"marginTop":0,"placeholderText":"","styleClass":"","styleClassName":"","styleClassTag":"","toolbarGroups":"","useStyleClass":"true","userText":"<div>Click to edit description.&nbsp;Lorem ipsum dolor sit amet, consectetur adipiscing elit. Donec ultricies elit tortor, quis viverra nunc aliquet id. Nam vehicula libero.</div>","visible":true,"width":400}},"0750513b-3a4b-4260-b4f4-886c22973a81":{"type":"scs-socialbar","id":"scs-socialbar","data":{"alignment":"center","backgroundColor":"","borderColor":"#808080","borderRadius":0,"borderStyle":"none","borderWidth":1,"iconSize":18,"iconSpacing":10,"images":[{"source":"","name":"COMP_ICON_FACEBOOK","class":"scs-facebook-icon","title":"","altText":"","description":"","link":"http://www.facebook.com","target":["_blank"]},{"source":"","name":"COMP_ICON_TWITTER","class":"scs-twitter-icon","title":"","altText":"","description":"","link":"http://www.twitter.com"},{"source":"","name":"COMP_ICON_LINKEDIN","class":"scs-linkedin-icon","title":"","altText":"","description":"","link":"http://www.linkedin.com","target":["_blank"]}],"layout":"horizontal","marginBottom":10,"marginLeft":5,"marginRight":5,"marginTop":17,"styleClass":"","useStyleClass":"true","visible":true}},"b909db9c-9af3-4f41-b541-0378f67357eb":{"type":"scs-componentgroup","id":"Summary-Horizontal_2","data":{"components":["7665c256-ba48-4582-8fa2-93629835214d","200ca539-9e60-4376-bb46-e788d2021dd6","0d20b98c-e7d4-4ccd-b864-e895b11da211","0750513b-3a4b-4260-b4f4-886c22973a81"],"grid":"<div class=\"scs-row\"><div class=\"scs-col\" style=\"width: 25%;\"><div id=\"7665c256-ba48-4582-8fa2-93629835214d\"></div></div><div class=\"scs-col\" style=\"width: 58.33%;\"><div id=\"200ca539-9e60-4376-bb46-e788d2021dd6\"></div><div id=\"0d20b98c-e7d4-4ccd-b864-e895b11da211\"></div></div><div class=\"scs-col\" style=\"width: 16.67%;\"><div id=\"0750513b-3a4b-4260-b4f4-886c22973a81\"></div></div></div>"}},"b4869ab9-611b-4d8f-ae66-2856238b0dda":{"type":"scs-image","id":"scs-image","data":{"actions":"","alignment":"fill","altText":"","borderColor":"#808080","borderRadius":0,"borderStyle":"none","borderWidth":1,"caption":"","imageHref":"","imageName":"About_image_2.png","imageTarget":"_self","imageUrl":"[!--$SCS_CONTENT_URL--]/About_image_2-1235110000009667.png","linkType":"scs-link-no-link","marginBottom":0,"marginLeft":0,"marginRight":0,"marginTop":0,"styleClass":"","title":"","useStyleClass":"true","visible":true,"width":256}},"c8eba79c-ccb8-40aa-978e-a2626021b83f":{"type":"scs-title","id":"scs-title","data":{"actions":"","alignment":"fill","backgroundColor":"","borderColor":"#808080","borderRadius":0,"borderStyle":"none","borderWidth":1,"fontColor":"#333333","fontFamily":"'Helvetica Neue', Helvetica, Arial, sans-serif","fontSize":24,"marginBottom":5,"marginLeft":20,"marginRight":5,"marginTop":10,"placeholderText":"","styleClass":"","styleClassName":"","styleClassTag":"","toolbarGroups":"","useStyleClass":"true","userText":"<div>Bill Withers, <span style=\"font-size:22px\"><em>International Specialist</em></span></div>","visible":true,"width":400}},"604b4264-e66d-46fb-aa40-aa614bab9a16":{"type":"scs-paragraph","id":"scs-paragraph","data":{"actions":"","alignment":"fill","backgroundColor":"","borderColor":"#808080","borderRadius":0,"borderStyle":"none","borderWidth":1,"fontColor":"#333333","fontFamily":"'Helvetica Neue', Helvetica, Arial, sans-serif","fontSize":16,"marginBottom":0,"marginLeft":20,"marginRight":20,"marginTop":0,"placeholderText":"","styleClass":"","styleClassName":"","styleClassTag":"","toolbarGroups":"","useStyleClass":"true","userText":"<div>Click to edit description.&nbsp;Lorem ipsum dolor sit amet, consectetur adipiscing elit. Donec ultricies elit tortor, quis viverra nunc aliquet id. Nam vehicula libero.</div>","visible":true,"width":400}},"f961d0f4-4f39-4991-ada6-523ea4f634eb":{"type":"scs-socialbar","id":"scs-socialbar","data":{"alignment":"center","backgroundColor":"","borderColor":"#808080","borderRadius":0,"borderStyle":"none","borderWidth":1,"iconSize":18,"iconSpacing":10,"images":[{"source":"","name":"COMP_ICON_FACEBOOK","class":"scs-facebook-icon","title":"","altText":"","description":"","link":"http://www.facebook.com","target":["_blank"]},{"source":"","name":"COMP_ICON_TWITTER","class":"scs-twitter-icon","title":"","altText":"","description":"","link":"http://www.twitter.com"},{"source":"","name":"COMP_ICON_LINKEDIN","class":"scs-linkedin-icon","title":"","altText":"","description":"","link":"http://www.linkedin.com","target":["_blank"]}],"layout":"horizontal","marginBottom":10,"marginLeft":5,"marginRight":5,"marginTop":17,"styleClass":"","useStyleClass":"true","visible":true}},"f38e85c0-303d-4970-a39f-db065bc16d0b":{"type":"scs-componentgroup","id":"Summary-Horizontal_2","data":{"components":["b4869ab9-611b-4d8f-ae66-2856238b0dda","c8eba79c-ccb8-40aa-978e-a2626021b83f","604b4264-e66d-46fb-aa40-aa614bab9a16","f961d0f4-4f39-4991-ada6-523ea4f634eb"],"grid":"<div class=\"scs-row\"><div class=\"scs-col\" style=\"width: 25%;\"><div id=\"b4869ab9-611b-4d8f-ae66-2856238b0dda\"></div></div><div class=\"scs-col\" style=\"width: 58.33%;\"><div id=\"c8eba79c-ccb8-40aa-978e-a2626021b83f\"></div><div id=\"604b4264-e66d-46fb-aa40-aa614bab9a16\"></div></div><div class=\"scs-col\" style=\"width: 16.67%;\"><div id=\"f961d0f4-4f39-4991-ada6-523ea4f634eb\"></div></div></div>"}},"b88baeb5-5fe5-4434-aee7-d3eb4d36a4ef":{"type":"scs-image","id":"scs-image","data":{"actions":"","alignment":"fill","altText":"","borderColor":"#808080","borderRadius":0,"borderStyle":"none","borderWidth":1,"caption":"","imageHref":"","imageName":"About_image_3.png","imageTarget":"_self","imageUrl":"[!--$SCS_CONTENT_URL--]/About_image_3-1235110000009668.png","linkType":"scs-link-no-link","marginBottom":0,"marginLeft":0,"marginRight":0,"marginTop":0,"styleClass":"","title":"","useStyleClass":"true","visible":true,"width":256}},"44f267ad-3abe-4801-8064-eb470091019e":{"type":"scs-title","id":"scs-title","data":{"actions":"","alignment":"fill","backgroundColor":"","borderColor":"#808080","borderRadius":0,"borderStyle":"none","borderWidth":1,"fontColor":"#333333","fontFamily":"'Helvetica Neue', Helvetica, Arial, sans-serif","fontSize":24,"marginBottom":5,"marginLeft":20,"marginRight":5,"marginTop":10,"placeholderText":"","styleClass":"","styleClassName":"","styleClassTag":"","toolbarGroups":"","useStyleClass":"true","userText":"<div>Liz Green, <span style=\"font-size:22px\"><em>Sales</em></span></div>","visible":true,"width":400}},"9bc657d9-64af-49c1-a5db-624e48034d4a":{"type":"scs-paragraph","id":"scs-paragraph","data":{"actions":"","alignment":"fill","backgroundColor":"","borderColor":"#808080","borderRadius":0,"borderStyle":"none","borderWidth":1,"fontColor":"#333333","fontFamily":"'Helvetica Neue', Helvetica, Arial, sans-serif","fontSize":16,"marginBottom":0,"marginLeft":20,"marginRight":20,"marginTop":0,"placeholderText":"","styleClass":"","styleClassName":"","styleClassTag":"","toolbarGroups":"","useStyleClass":"true","userText":"<div>Click to edit description.&nbsp;Lorem ipsum dolor sit amet, consectetur adipiscing elit. Donec ultricies elit tortor, quis viverra nunc aliquet id. Nam vehicula libero.</div>","visible":true,"width":400}},"e2312119-cadf-481d-953d-0fb6b601ef4b":{"type":"scs-socialbar","id":"scs-socialbar","data":{"alignment":"center","backgroundColor":"","borderColor":"#808080","borderRadius":0,"borderStyle":"none","borderWidth":1,"iconSize":18,"iconSpacing":10,"images":[{"source":"","name":"COMP_ICON_FACEBOOK","class":"scs-facebook-icon","title":"","altText":"","description":"","link":"http://www.facebook.com","target":["_blank"]},{"source":"","name":"COMP_ICON_TWITTER","class":"scs-twitter-icon","title":"","altText":"","description":"","link":"http://www.twitter.com"},{"source":"","name":"COMP_ICON_LINKEDIN","class":"scs-linkedin-icon","title":"","altText":"","description":"","link":"http://www.linkedin.com","target":["_blank"]}],"layout":"horizontal","marginBottom":10,"marginLeft":5,"marginRight":5,"marginTop":17,"styleClass":"","useStyleClass":"true","visible":true}},"d1c52353-da32-4577-b1a0-d7e9bcc407a1":{"type":"scs-componentgroup","id":"Summary-Horizontal_2","data":{"components":["b88baeb5-5fe5-4434-aee7-d3eb4d36a4ef","44f267ad-3abe-4801-8064-eb470091019e","9bc657d9-64af-49c1-a5db-624e48034d4a","e2312119-cadf-481d-953d-0fb6b601ef4b"],"grid":"<div class=\"scs-row\"><div class=\"scs-col\" style=\"width: 25%;\"><div id=\"b88baeb5-5fe5-4434-aee7-d3eb4d36a4ef\"></div></div><div class=\"scs-col\" style=\"width: 58.33%;\"><div id=\"44f267ad-3abe-4801-8064-eb470091019e\"></div><div id=\"9bc657d9-64af-49c1-a5db-624e48034d4a\"></div></div><div class=\"scs-col\" style=\"width: 16.67%;\"><div id=\"e2312119-cadf-481d-953d-0fb6b601ef4b\"></div></div></div>"}},"8af120d9-d4c6-4dc0-a59b-7ffd9597e9ad":{"type":"scs-image","id":"scs-image","data":{"actions":"","alignment":"fill","altText":"","borderColor":"#808080","borderRadius":0,"borderStyle":"none","borderWidth":1,"caption":"","imageHref":"","imageName":"About_image_4.png","imageTarget":"_self","imageUrl":"[!--$SCS_CONTENT_URL--]/About_image_4-1235110000009669.png","linkType":"scs-link-no-link","marginBottom":0,"marginLeft":0,"marginRight":0,"marginTop":0,"styleClass":"","title":"","useStyleClass":"true","visible":true,"width":256}},"6f3e5be2-2192-454c-b385-040feeba818f":{"type":"scs-title","id":"scs-title","data":{"actions":"","alignment":"fill","backgroundColor":"","borderColor":"#808080","borderRadius":0,"borderStyle":"none","borderWidth":1,"fontColor":"#333333","fontFamily":"'Helvetica Neue', Helvetica, Arial, sans-serif","fontSize":24,"marginBottom":5,"marginLeft":20,"marginRight":5,"marginTop":10,"placeholderText":"","styleClass":"","styleClassName":"","styleClassTag":"","toolbarGroups":"","useStyleClass":"true","userText":"<div>Richard Winslow, <span style=\"font-size:22px\"><em>Sales Expert</em></span></div>","visible":true,"width":400}},"50c79ab3-6c2b-4d32-811e-8f55623272f2":{"type":"scs-paragraph","id":"scs-paragraph","data":{"actions":"","alignment":"fill","backgroundColor":"","borderColor":"#808080","borderRadius":0,"borderStyle":"none","borderWidth":1,"fontColor":"#333333","fontFamily":"'Helvetica Neue', Helvetica, Arial, sans-serif","fontSize":16,"marginBottom":0,"marginLeft":20,"marginRight":20,"marginTop":0,"placeholderText":"","styleClass":"","styleClassName":"","styleClassTag":"","toolbarGroups":"","useStyleClass":"true","userText":"<div>Click to edit description.&nbsp;Lorem ipsum dolor sit amet, consectetur adipiscing elit. Donec ultricies elit tortor, quis viverra nunc aliquet id. Nam vehicula libero.</div>","visible":true,"width":400}},"334d5d5c-2742-4b5f-b920-d7b5542db46a":{"type":"scs-socialbar","id":"scs-socialbar","data":{"alignment":"center","backgroundColor":"","borderColor":"#808080","borderRadius":0,"borderStyle":"none","borderWidth":1,"iconSize":18,"iconSpacing":10,"images":[{"source":"","name":"COMP_ICON_FACEBOOK","class":"scs-facebook-icon","title":"","altText":"","description":"","link":"http://www.facebook.com","target":["_blank"]},{"source":"","name":"COMP_ICON_TWITTER","class":"scs-twitter-icon","title":"","altText":"","description":"","link":"http://www.twitter.com"},{"source":"","name":"COMP_ICON_LINKEDIN","class":"scs-linkedin-icon","title":"","altText":"","description":"","link":"http://www.linkedin.com","target":["_blank"]}],"layout":"horizontal","marginBottom":10,"marginLeft":5,"marginRight":5,"marginTop":17,"styleClass":"","useStyleClass":"true","visible":true}},"fb260065-04ab-4f02-8d99-6a01f3dd3e4f":{"type":"scs-componentgroup","id":"Summary-Horizontal_2","data":{"components":["8af120d9-d4c6-4dc0-a59b-7ffd9597e9ad","6f3e5be2-2192-454c-b385-040feeba818f","50c79ab3-6c2b-4d32-811e-8f55623272f2","334d5d5c-2742-4b5f-b920-d7b5542db46a"],"grid":"<div class=\"scs-row\"><div class=\"scs-col\" style=\"width: 25%;\"><div id=\"8af120d9-d4c6-4dc0-a59b-7ffd9597e9ad\"></div></div><div class=\"scs-col\" style=\"width: 58.33%;\"><div id=\"6f3e5be2-2192-454c-b385-040feeba818f\"></div><div id=\"50c79ab3-6c2b-4d32-811e-8f55623272f2\"></div></div><div class=\"scs-col\" style=\"width: 16.67%;\"><div id=\"334d5d5c-2742-4b5f-b920-d7b5542db46a\"></div></div></div>"}},"f941dccb-cd2d-47e9-9aeb-88c76e5bc0e6":{"type":"scs-socialbar","id":"scs-socialbar","data":{"alignment":"left","backgroundColor":"","borderColor":"#808080","borderRadius":0,"borderStyle":"none","borderWidth":1,"iconSize":28,"iconSpacing":10,"images":[{"source":"","name":"COMP_ICON_FACEBOOK","class":"scs-facebook-icon","title":"","altText":"","description":"","link":"http://www.facebook.com","target":["_blank"]},{"source":"","name":"COMP_ICON_LINKEDIN","class":"scs-linkedin-icon","title":"","altText":"","description":"","link":"http://www.linkedin.com","target":["_blank"]},{"source":"","name":"COMP_ICON_TWITTER","class":"scs-twitter-icon","title":"","altText":"","description":"","link":"http://www.twitter.com","target":["_blank"]},{"source":"","name":"COMP_ICON_GOOGLEPLUS","class":"scs-googleplus-icon","title":"","altText":"","description":"","link":"http://plus.google.com","target":["_blank"]},{"source":"","name":"COMP_ICON_YOUTUBE","class":"scs-youtube-icon","title":"","altText":"","description":"","link":"http://www.youtube.com","target":["_blank"]}],"layout":"horizontal","marginBottom":5,"marginLeft":5,"marginRight":5,"marginTop":5,"styleClass":"","useStyleClass":"true","visible":true}},"fa20231f-1caf-4f32-947c-fbfa906b7f98":{"type":"scs-title","id":"scs-title","data":{"actions":"","alignment":"fill","backgroundColor":"","borderColor":"#808080","borderRadius":0,"borderStyle":"none","borderWidth":1,"fontColor":"#333333","fontFamily":"'Helvetica Neue', Helvetica, Arial, sans-serif","fontSize":24,"marginBottom":5,"marginLeft":5,"marginRight":5,"marginTop":5,"placeholderText":"","styleClass":"","styleClassName":"","styleClassTag":"","toolbarGroups":"","useStyleClass":"true","userText":"<div>COPYRIGHT &copy; 2016 &lt;COMPANY NAME&gt;</div>","visible":true,"width":400}},"b23c83dd-44e5-4408-aea6-6bf50ece2366":{"type":"scs-componentgroup","id":"FooterBar_2","data":{"className":"","components":["f941dccb-cd2d-47e9-9aeb-88c76e5bc0e6","fa20231f-1caf-4f32-947c-fbfa906b7f98"],"grid":"<div class=\"scs-row\"><div class=\"scs-col\" style=\"width: 50%;\"><div id=\"f941dccb-cd2d-47e9-9aeb-88c76e5bc0e6\"></div></div><div class=\"scs-col\" style=\"width: 50%;\"><div id=\"fa20231f-1caf-4f32-947c-fbfa906b7f98\"></div></div></div>"}}}}