{"pages":[{"id":12,"name":"HOME","parentId":null,"pageUrl":"home.html","hideInNavigation":false,"linkUrl":"","linkTarget":"","children":[83,69,76,147],"overrideUrl":false},{"id":69,"name":"ABOUT","parentId":12,"pageUrl":"about.html","hideInNavigation":false,"linkUrl":"","linkTarget":"","children":[],"overrideUrl":false},{"id":76,"name":"CONTACT","parentId":12,"pageUrl":"contact.html","hideInNavigation":false,"linkUrl":"","linkTarget":"","children":[],"overrideUrl":false},{"id":83,"name":"SERVICES","parentId":12,"pageUrl":"services.html","hideInNavigation":false,"linkUrl":"","linkTarget":"","children":[109,135,138],"overrideUrl":false},{"id":109,"name":"Service 1","parentId":83,"pageUrl":"services/service_1.html","hideInNavigation":false,"linkUrl":"","linkTarget":"","children":[119,143,146],"overrideUrl":false},{"id":119,"name":"Details 1","parentId":109,"pageUrl":"services/service_1/details_1.html","hideInNavigation":false,"linkUrl":"","linkTarget":"","children":[],"overrideUrl":false},{"id":135,"name":"Service 2","parentId":83,"pageUrl":"services/service_2.html","hideInNavigation":false,"linkUrl":"","linkTarget":"","children":[],"overrideUrl":false},{"id":138,"name":"Service 3","parentId":83,"pageUrl":"services/service_3.html","hideInNavigation":false,"linkUrl":"","linkTarget":"","children":[],"overrideUrl":false},{"id":143,"name":"Details 2","parentId":109,"pageUrl":"services/service_1/details_2.html","hideInNavigation":false,"linkUrl":"","linkTarget":"","children":[],"overrideUrl":false},{"id":146,"name":"Details 3","parentId":109,"pageUrl":"services/service_1/details_3.html","hideInNavigation":false,"linkUrl":"","linkTarget":"","children":[],"overrideUrl":false},{"id":147,"name":"Privacy Policy","parentId":12,"pageUrl":"privacy_policy.html","hideInNavigation":true,"linkUrl":"","linkTarget":"","children":[],"overrideUrl":false}]}