{"siteAuthor":"Oracle","itemGUID":"S96198EA95082425F552FBCD1212FF6185DE782B78A3","siteShortDescription":"Template to organize and share related materials quickly and easily.","numUpdates":"0","siteLongDescription":"This template illustrates a hierarchical representation of materials with a correspondingly capable navigation bar. The template includes multiple sample page organizations that all adhere to a consistent visual theme. Use this template as starting point to present resources of any kind. Copy the existing pages and replace the demo content to quickly create a portal through which to share content internally or externally.","siteName":"Learn_2"}