{"properties":{"themeName":"LearnTheme_PoC","siteName":"SCSTEMPLATE_Learn_2","siteRootPrefix":"/SCSTEMPLATE_Learn_2/","isLive":null,"description":null,"keywords":"","header":"","footer":"<div class=\"scs-cookie-consent\" style=\"display: none;\">This site uses cookies.  Please review our <a href=\"[!--$SCS_PAGE--]147[/!--$SCS_PAGE--]\">Privacy Policy</a>.  <a href=\"#\" alt=\"close\" class=\"scs-cookie-consent-close\"></a></div>","hideFromSearchEngines":false,"errorPage":null,"siteURL":"","noIndex":false,"noFollow":false,"noArchive":false,"noSnippet":false,"collectionId":null,"targetId":null,"targetAccessTokens":null,"isCobrowseEnabled":false,"cobrowseId":null,"siteConnections":{}}}